{"cameraMode":{"drawMode":0,"name":"Shaded","section":"Shading Mode"},"sceneLighting":false,"audioPlay":false,"sceneViewState":{"showFog":true,"showMaterialUpdate":false,"showSkybox":true,"showFlares":true,"showImageEffects":true,"showParticleSystems":true},"in2DMode":false,"pivot":{"x":-2.382981777191162,"y":2.691026210784912,"z":2.0083274841308595},"rotation":{"x":-0.022002030164003373,"y":-0.264646977186203,"z":0.0060097817331552509,"w":-0.9640895128250122},"size":30.37663459777832,"orthographic":false}